,Sample ID,pH,Temperature (°C),Turbidity (NTU),Dissolved Oxygen (mg/L),Conductivity (µS/cm),normalized_ntu,rescaled_ntu,turbidity_label,label_code,img_path
0,1,7.25,23.1,4.5,7.8,342,0.7000000000000001,482.8,High turbidity,3,/content/resized_folder/resized_DSC_8974.jpg
1,2,7.11,22.3,5.1,6.2,335,1.0,544.0,Very high turbidity,4,/content/resized_folder/resized_DSC_8973.jpg
2,3,7.03,21.5,3.9,8.3,356,0.4,421.6,Moderate turbidity,2,/content/resized_folder/resized_DSC_8907.jpg
3,4,7.38,22.9,3.2,9.5,327,0.05000000000000006,350.2,Low turbidity,1,/content/resized_folder/resized_DSC_8864.jpg
4,5,7.45,20.7,3.8,8.1,352,0.3499999999999999,411.4,Moderate turbidity,2,/content/resized_folder/resized_DSC_8903.jpg
5,6,6.89,23.6,4.6,7.2,320,0.7499999999999999,493.0,Very high turbidity,4,/content/resized_folder/resized_DSC_8956.jpg
6,7,7.19,21.2,4.2,8.8,350,0.5500000000000002,452.20000000000005,High turbidity,3,/content/resized_folder/resized_DSC_8974.jpg
7,8,6.98,22.1,3.7,6.9,325,0.3000000000000001,401.20000000000005,Moderate turbidity,2,/content/resized_folder/resized_DSC_8913.jpg
8,9,7.31,20.4,4.1,8.4,360,0.4999999999999999,442.0,High turbidity,3,/content/resized_folder/resized_DSC_8959.jpg
9,10,7.02,22.7,4.8,7.5,330,0.8500000000000001,513.4,Very high turbidity,4,/content/resized_folder/resized_DSC_8961.jpg
10,11,7.24,22.4,4.3,8.6,347,0.6,462.4,High turbidity,3,/content/resized_folder/resized_DSC_8970.jpg
11,12,7.17,21.6,3.6,7.1,328,0.25000000000000006,391.0,Moderate turbidity,2,/content/resized_folder/resized_DSC_8902.jpg
12,13,6.95,22.3,4.1,6.4,341,0.4999999999999999,442.0,High turbidity,3,/content/resized_folder/resized_DSC_8975.jpg
13,14,7.06,23.5,3.7,9.2,355,0.3000000000000001,401.20000000000005,Moderate turbidity,2,/content/resized_folder/resized_DSC_8899.jpg
14,15,7.48,20.8,3.4,7.9,329,0.14999999999999994,370.59999999999997,Low turbidity,1,/content/resized_folder/resized_DSC_8934.jpg
15,16,6.92,21.4,4.9,6.8,362,0.9000000000000004,523.6000000000001,Very high turbidity,4,/content/resized_folder/resized_DSC_8942.jpg
16,17,7.11,22.0,4.4,8.1,336,0.6500000000000002,472.6,High turbidity,3,/content/resized_folder/resized_DSC_8968.jpg
17,18,7.3,23.2,3.5,9.6,351,0.2,380.8,Low turbidity,1,/content/resized_folder/resized_DSC_8916.jpg
18,19,7.13,21.1,4.0,7.5,319,0.45000000000000007,431.8,Moderate turbidity,2,/content/resized_folder/resized_DSC_8908.jpg
19,20,7.01,23.0,4.7,8.9,330,0.8000000000000003,503.20000000000005,Very high turbidity,4,/content/resized_folder/resized_DSC_8982.jpg
20,21,6.83,22.5,3.3,6.1,348,0.0999999999999999,360.4,Low turbidity,1,/content/resized_folder/resized_DSC_8917.jpg
21,22,7.34,20.3,4.2,8.0,365,0.5500000000000002,452.20000000000005,High turbidity,3,/content/resized_folder/resized_DSC_8962.jpg
22,23,7.16,23.4,4.5,7.7,326,0.7000000000000001,482.8,High turbidity,3,/content/resized_folder/resized_DSC_8959.jpg
23,24,7.25,22.6,3.9,9.1,355,0.4,421.6,Moderate turbidity,2,/content/resized_folder/resized_DSC_8908.jpg
24,25,7.39,21.9,4.1,7.4,317,0.4999999999999999,442.0,High turbidity,3,/content/resized_folder/resized_DSC_8957.jpg
25,26,7.02,22.2,4.6,6.6,339,0.7499999999999999,493.0,Very high turbidity,4,/content/resized_folder/resized_DSC_8944.jpg
26,27,7.27,21.8,3.7,8.7,354,0.3000000000000001,401.20000000000005,Moderate turbidity,2,/content/resized_folder/resized_DSC_8907.jpg
27,28,7.09,23.3,5.0,7.0,324,0.9500000000000002,533.8000000000001,Very high turbidity,4,/content/resized_folder/resized_DSC_8955.jpg
28,29,7.15,20.6,4.4,8.5,358,0.6500000000000002,472.6,High turbidity,3,/content/resized_folder/resized_DSC_8975.jpg
29,30,7.07,22.8,3.8,6.9,332,0.3499999999999999,411.4,Moderate turbidity,2,/content/resized_folder/resized_DSC_8904.jpg
30,31,7.22,22.5,4.3,8.9,345,0.6,462.4,High turbidity,3,/content/resized_folder/resized_DSC_8957.jpg
31,32,6.92,21.7,4.7,6.3,363,0.8000000000000003,503.20000000000005,Very high turbidity,4,/content/resized_folder/resized_DSC_8991.jpg
32,33,7.13,23.1,3.6,8.2,347,0.25000000000000006,391.0,Moderate turbidity,2,/content/resized_folder/resized_DSC_8896.jpg
33,34,7.31,20.9,4.0,7.6,316,0.45000000000000007,431.8,Moderate turbidity,2,/content/resized_folder/resized_DSC_8908.jpg
34,35,7.03,22.6,4.9,7.9,331,0.9000000000000004,523.6000000000001,Very high turbidity,4,/content/resized_folder/resized_DSC_8949.jpg
35,36,7.21,21.8,3.8,8.5,346,0.3499999999999999,411.4,Moderate turbidity,2,/content/resized_folder/resized_DSC_8900.jpg
36,37,7.13,22.5,4.2,7.7,321,0.5500000000000002,452.20000000000005,High turbidity,3,/content/resized_folder/resized_DSC_8958.jpg
37,38,7.09,23.1,4.4,7.2,335,0.6500000000000002,472.6,High turbidity,3,/content/resized_folder/resized_DSC_8969.jpg
38,39,7.35,21.6,3.9,9.2,357,0.4,421.6,Moderate turbidity,2,/content/resized_folder/resized_DSC_8902.jpg
39,40,7.02,22.0,3.2,8.8,318,0.05000000000000006,350.2,Low turbidity,1,/content/resized_folder/resized_DSC_8893.jpg
40,41,7.28,23.5,3.7,9.5,353,0.3000000000000001,401.20000000000005,Moderate turbidity,2,/content/resized_folder/resized_DSC_8913.jpg
41,42,7.14,20.9,4.3,8.1,330,0.6,462.4,High turbidity,3,/content/resized_folder/resized_DSC_8958.jpg
42,43,6.96,22.9,4.8,6.5,344,0.8500000000000001,513.4,Very high turbidity,4,/content/resized_folder/resized_DSC_8946.jpg
43,44,7.24,22.7,4.1,8.0,327,0.4999999999999999,442.0,High turbidity,3,/content/resized_folder/resized_DSC_8969.jpg
44,45,7.37,21.5,4.5,9.3,361,0.7000000000000001,482.8,High turbidity,3,/content/resized_folder/resized_DSC_8968.jpg
45,46,7.08,23.3,3.6,7.8,338,0.25000000000000006,391.0,Moderate turbidity,2,/content/resized_folder/resized_DSC_8905.jpg
46,47,7.16,21.1,4.4,7.3,352,0.6500000000000002,472.6,High turbidity,3,/content/resized_folder/resized_DSC_8975.jpg
47,48,7.03,22.4,4.0,8.3,319,0.45000000000000007,431.8,Moderate turbidity,2,/content/resized_folder/resized_DSC_8903.jpg
48,49,7.32,23.2,4.5,8.9,346,0.7000000000000001,482.8,High turbidity,3,/content/resized_folder/resized_DSC_8959.jpg
49,50,7.19,20.8,3.9,9.1,331,0.4,421.6,Moderate turbidity,2,/content/resized_folder/resized_DSC_8908.jpg
50,51,7.12,22.1,4.6,6.8,340,0.7499999999999999,493.0,Very high turbidity,4,/content/resized_folder/resized_DSC_8950.jpg
51,52,7.26,22.2,3.3,9.4,356,0.0999999999999999,360.4,Low turbidity,1,/content/resized_folder/resized_DSC_8872.jpg
52,53,7.04,21.6,3.8,8.4,322,0.3499999999999999,411.4,Moderate turbidity,2,/content/resized_folder/resized_DSC_8907.jpg
53,54,7.41,23.0,4.2,7.1,364,0.5500000000000002,452.20000000000005,High turbidity,3,/content/resized_folder/resized_DSC_8968.jpg
54,55,7.08,21.7,4.1,8.6,337,0.4999999999999999,442.0,High turbidity,3,/content/resized_folder/resized_DSC_8972.jpg
55,56,7.25,22.8,3.5,9.7,349,0.2,380.8,Low turbidity,1,/content/resized_folder/resized_DSC_8894.jpg
56,57,7.17,20.6,4.7,7.6,328,0.8000000000000003,503.20000000000005,Very high turbidity,4,/content/resized_folder/resized_DSC_8948.jpg
57,58,7.01,23.4,3.6,6.9,333,0.25000000000000006,391.0,Moderate turbidity,2,/content/resized_folder/resized_DSC_8915.jpg
58,59,6.9,22.5,4.2,6.0,357,0.5500000000000002,452.20000000000005,High turbidity,3,/content/resized_folder/resized_DSC_8965.jpg
59,60,7.29,21.9,4.8,7.9,320,0.8500000000000001,513.4,Very high turbidity,4,/content/resized_folder/resized_DSC_8947.jpg
60,61,7.19,23.1,3.9,9.0,342,0.4,421.6,Moderate turbidity,2,/content/resized_folder/resized_DSC_8899.jpg
61,62,7.01,21.3,4.3,7.4,326,0.6,462.4,High turbidity,3,/content/resized_folder/resized_DSC_8972.jpg
62,63,7.15,22.6,4.5,8.2,355,0.7000000000000001,482.8,High turbidity,3,/content/resized_folder/resized_DSC_8970.jpg
63,64,7.12,22.0,3.7,8.7,334,0.3000000000000001,401.20000000000005,Moderate turbidity,2,/content/resized_folder/resized_DSC_8911.jpg
64,65,6.94,23.2,4.0,6.6,348,0.45000000000000007,431.8,Moderate turbidity,2,/content/resized_folder/resized_DSC_8904.jpg
65,66,7.36,22.4,4.5,9.4,362,0.7000000000000001,482.8,High turbidity,3,/content/resized_folder/resized_DSC_8972.jpg
66,67,7.02,20.7,3.8,8.2,323,0.3499999999999999,411.4,Moderate turbidity,2,/content/resized_folder/resized_DSC_8900.jpg
67,68,7.26,23.5,4.6,7.5,350,0.7499999999999999,493.0,Very high turbidity,4,/content/resized_folder/resized_DSC_8941.jpg
68,69,7.08,21.4,3.3,9.1,330,0.0999999999999999,360.4,Low turbidity,1,/content/resized_folder/resized_DSC_8876.jpg
69,70,7.14,22.9,4.4,7.1,341,0.6500000000000002,472.6,High turbidity,3,/content/resized_folder/resized_DSC_8974.jpg
70,71,7.31,21.2,3.6,8.8,329,0.25000000000000006,391.0,Moderate turbidity,2,/content/resized_folder/resized_DSC_8910.jpg
71,72,7.03,23.0,4.8,6.7,345,0.8500000000000001,513.4,Very high turbidity,4,/content/resized_folder/resized_DSC_8964.jpg
72,73,7.18,22.5,3.5,9.3,358,0.2,380.8,Low turbidity,1,/content/resized_folder/resized_DSC_8925.jpg
73,74,7.24,20.9,4.6,7.9,332,0.7499999999999999,493.0,Very high turbidity,4,/content/resized_folder/resized_DSC_8937.jpg
74,75,7.14,22.8,4.2,8.5,347,0.5500000000000002,452.20000000000005,High turbidity,3,/content/resized_folder/resized_DSC_8965.jpg
75,76,7.06,22.1,3.9,8.0,321,0.4,421.6,Moderate turbidity,2,/content/resized_folder/resized_DSC_8902.jpg
76,77,7.29,23.3,3.4,9.5,351,0.14999999999999994,370.59999999999997,Low turbidity,1,/content/resized_folder/resized_DSC_8881.jpg
77,78,7.12,21.7,4.7,7.4,330,0.8000000000000003,503.20000000000005,Very high turbidity,4,/content/resized_folder/resized_DSC_8954.jpg
78,79,7.01,22.6,3.2,8.2,339,0.05000000000000006,350.2,Low turbidity,1,/content/resized_folder/resized_DSC_8891.jpg
79,80,7.35,22.1,4.5,9.2,359,0.7000000000000001,482.8,High turbidity,3,/content/resized_folder/resized_DSC_8968.jpg
80,81,7.04,23.1,4.0,6.4,324,0.45000000000000007,431.8,Moderate turbidity,2,/content/resized_folder/resized_DSC_8901.jpg
81,82,7.16,21.3,3.8,7.7,346,0.3499999999999999,411.4,Moderate turbidity,2,/content/resized_folder/resized_DSC_8898.jpg
82,83,7.22,22.3,4.3,8.9,329,0.6,462.4,High turbidity,3,/content/resized_folder/resized_DSC_8965.jpg
83,84,7.13,20.7,4.1,8.4,337,0.4999999999999999,442.0,High turbidity,3,/content/resized_folder/resized_DSC_8969.jpg
84,85,7.25,23.0,3.9,9.6,354,0.4,421.6,Moderate turbidity,2,/content/resized_folder/resized_DSC_8896.jpg
85,86,7.09,22.2,4.4,7.0,333,0.6500000000000002,472.6,High turbidity,3,/content/resized_folder/resized_DSC_8974.jpg
86,87,7.19,21.1,3.3,9.0,348,0.0999999999999999,360.4,Low turbidity,1,/content/resized_folder/resized_DSC_8842.jpg
87,88,7.08,22.7,4.6,7.8,331,0.7499999999999999,493.0,Very high turbidity,4,/content/resized_folder/resized_DSC_8955.jpg
88,89,7.37,22.4,3.7,9.1,362,0.3000000000000001,401.20000000000005,Moderate turbidity,2,/content/resized_folder/resized_DSC_8898.jpg
89,90,7.12,21.8,4.5,8.6,340,0.7000000000000001,482.8,High turbidity,3,/content/resized_folder/resized_DSC_8959.jpg
90,91,7.27,23.4,4.2,7.2,327,0.5500000000000002,452.20000000000005,High turbidity,3,/content/resized_folder/resized_DSC_8972.jpg
91,92,7.04,21.5,4.8,6.8,342,0.8500000000000001,513.4,Very high turbidity,4,/content/resized_folder/resized_DSC_8947.jpg
92,93,7.15,23.1,4.4,8.1,355,0.6500000000000002,472.6,High turbidity,3,/content/resized_folder/resized_DSC_8957.jpg
93,94,7.21,22.5,3.6,8.7,338,0.25000000000000006,391.0,Moderate turbidity,2,/content/resized_folder/resized_DSC_8911.jpg
94,95,6.98,21.9,4.0,8.9,328,0.45000000000000007,431.8,Moderate turbidity,2,/content/resized_folder/resized_DSC_8903.jpg
95,96,7.34,23.2,4.6,8.3,365,0.7499999999999999,493.0,Very high turbidity,4,/content/resized_folder/resized_DSC_8950.jpg
96,97,7.02,21.0,3.9,7.5,332,0.4,421.6,Moderate turbidity,2,/content/resized_folder/resized_DSC_8904.jpg
97,98,7.26,22.8,3.2,9.2,358,0.05000000000000006,350.2,Low turbidity,1,/content/resized_folder/resized_DSC_8859.jpg
98,99,7.09,23.0,4.3,7.3,327,0.6,462.4,High turbidity,3,/content/resized_folder/resized_DSC_8962.jpg
99,100,7.13,21.6,4.7,7.8,350,0.8000000000000003,503.20000000000005,Very high turbidity,4,/content/resized_folder/resized_DSC_8954.jpg
100,101,7.16,22.2,3.3,8.9,331,0.0999999999999999,360.4,Low turbidity,1,/content/resized_folder/resized_DSC_8870.jpg
101,102,7.21,21.4,4.2,7.4,347,0.5500000000000002,452.20000000000005,High turbidity,3,/content/resized_folder/resized_DSC_8957.jpg
102,103,7.32,23.3,4.1,9.5,366,0.4999999999999999,442.0,High turbidity,3,/content/resized_folder/resized_DSC_8967.jpg
103,104,7.05,20.9,3.7,8.1,339,0.3000000000000001,401.20000000000005,Moderate turbidity,2,/content/resized_folder/resized_DSC_8895.jpg
104,105,7.13,22.5,4.3,7.9,326,0.6,462.4,High turbidity,3,/content/resized_folder/resized_DSC_8969.jpg
105,106,7.25,21.9,3.5,9.3,350,0.2,380.8,Low turbidity,1,/content/resized_folder/resized_DSC_8872.jpg
106,107,7.08,23.1,4.5,6.5,319,0.7000000000000001,482.8,High turbidity,3,/content/resized_folder/resized_DSC_8969.jpg
107,108,7.19,22.0,4.7,7.8,343,0.8000000000000003,503.20000000000005,Very high turbidity,4,/content/resized_folder/resized_DSC_8954.jpg
108,109,7.01,20.8,3.6,8.4,330,0.25000000000000006,391.0,Moderate turbidity,2,/content/resized_folder/resized_DSC_8901.jpg
109,110,7.33,22.4,4.8,9.0,360,0.8500000000000001,513.4,Very high turbidity,4,/content/resized_folder/resized_DSC_8951.jpg
110,111,7.07,23.2,3.5,7.7,327,0.2,380.8,Low turbidity,1,/content/resized_folder/resized_DSC_8856.jpg
111,112,7.17,21.6,4.5,8.5,345,0.7000000000000001,482.8,High turbidity,3,/content/resized_folder/resized_DSC_8974.jpg
112,113,7.23,22.9,3.6,9.1,352,0.25000000000000006,391.0,Moderate turbidity,2,/content/resized_folder/resized_DSC_8903.jpg
113,114,7.14,20.5,4.4,7.6,334,0.6500000000000002,472.6,High turbidity,3,/content/resized_folder/resized_DSC_8972.jpg
114,115,7.26,23.4,3.3,9.4,357,0.0999999999999999,360.4,Low turbidity,1,/content/resized_folder/resized_DSC_8878.jpg
115,116,7.09,22.1,4.1,7.0,329,0.4999999999999999,442.0,High turbidity,3,/content/resized_folder/resized_DSC_8967.jpg
116,117,7.2,21.3,4.4,8.2,346,0.6500000000000002,472.6,High turbidity,3,/content/resized_folder/resized_DSC_8971.jpg
117,118,7.05,22.7,4.7,7.2,335,0.8000000000000003,503.20000000000005,Very high turbidity,4,/content/resized_folder/resized_DSC_8960.jpg
118,119,7.38,21.5,3.9,9.6,364,0.4,421.6,Moderate turbidity,2,/content/resized_folder/resized_DSC_8904.jpg
119,120,7.11,22.6,4.2,8.8,341,0.5500000000000002,452.20000000000005,High turbidity,3,/content/resized_folder/resized_DSC_8959.jpg
120,121,7.28,20.7,3.8,9.2,353,0.3499999999999999,411.4,Moderate turbidity,2,/content/resized_folder/resized_DSC_8900.jpg
121,122,7.03,23.3,4.3,6.9,322,0.6,462.4,High turbidity,3,/content/resized_folder/resized_DSC_8957.jpg
122,123,7.15,21.2,3.4,8.0,344,0.14999999999999994,370.59999999999997,Low turbidity,1,/content/resized_folder/resized_DSC_8935.jpg
123,124,7.21,22.4,4.6,8.6,326,0.7499999999999999,493.0,Very high turbidity,4,/content/resized_folder/resized_DSC_8948.jpg
124,125,7.12,23.0,3.1,9.4,356,0.0,340.0,Low turbidity,1,/content/resized_folder/resized_DSC_8923.jpg
125,126,7.0,22.3,4.5,6.3,328,0.7000000000000001,482.8,High turbidity,3,/content/resized_folder/resized_DSC_8974.jpg
126,127,7.34,21.1,3.7,9.1,361,0.3000000000000001,401.20000000000005,Moderate turbidity,2,/content/resized_folder/resized_DSC_8905.jpg
127,128,7.02,22.9,4.1,7.5,338,0.4999999999999999,442.0,High turbidity,3,/content/resized_folder/resized_DSC_8967.jpg
128,129,7.24,21.8,4.4,8.3,347,0.6500000000000002,472.6,High turbidity,3,/content/resized_folder/resized_DSC_8969.jpg
129,130,7.1,23.4,4.8,7.7,331,0.8500000000000001,513.4,Very high turbidity,4,/content/resized_folder/resized_DSC_8939.jpg
130,131,7.16,20.4,3.8,8.7,329,0.3499999999999999,411.4,Moderate turbidity,2,/content/resized_folder/resized_DSC_8913.jpg
131,132,7.29,22.3,4.2,9.3,357,0.5500000000000002,452.20000000000005,High turbidity,3,/content/resized_folder/resized_DSC_8962.jpg
132,133,7.01,21.6,4.3,7.2,326,0.6,462.4,High turbidity,3,/content/resized_folder/resized_DSC_8969.jpg
133,134,7.18,23.1,3.7,9.0,348,0.3000000000000001,401.20000000000005,Moderate turbidity,2,/content/resized_folder/resized_DSC_8900.jpg
134,135,7.13,21.3,4.5,8.1,335,0.7000000000000001,482.8,High turbidity,3,/content/resized_folder/resized_DSC_8971.jpg
135,136,7.24,22.5,3.9,9.5,353,0.4,421.6,Moderate turbidity,2,/content/resized_folder/resized_DSC_8910.jpg
136,137,7.05,20.8,4.6,7.6,329,0.7499999999999999,493.0,Very high turbidity,4,/content/resized_folder/resized_DSC_8942.jpg
137,138,7.2,23.4,4.1,8.8,342,0.4999999999999999,442.0,High turbidity,3,/content/resized_folder/resized_DSC_8969.jpg
138,139,7.1,22.6,3.8,8.3,336,0.3499999999999999,411.4,Moderate turbidity,2,/content/resized_folder/resized_DSC_8897.jpg
139,140,7.33,21.2,4.4,9.7,365,0.6500000000000002,472.6,High turbidity,3,/content/resized_folder/resized_DSC_8963.jpg
140,141,7.07,23.0,3.4,7.9,324,0.14999999999999994,370.59999999999997,Low turbidity,1,/content/resized_folder/resized_DSC_8886.jpg
141,142,7.21,21.7,4.5,8.7,349,0.7000000000000001,482.8,High turbidity,3,/content/resized_folder/resized_DSC_8963.jpg
142,143,7.23,22.1,3.6,9.4,356,0.25000000000000006,391.0,Moderate turbidity,2,/content/resized_folder/resized_DSC_8898.jpg
143,144,7.16,20.6,4.2,7.8,331,0.5500000000000002,452.20000000000005,High turbidity,3,/content/resized_folder/resized_DSC_8969.jpg
144,145,7.28,23.3,3.4,9.1,358,0.14999999999999994,370.59999999999997,Low turbidity,1,/content/resized_folder/resized_DSC_8864.jpg
145,146,7.09,21.9,4.8,7.3,332,0.8500000000000001,513.4,Very high turbidity,4,/content/resized_folder/resized_DSC_8945.jpg
146,147,7.22,20.5,4.6,8.4,344,0.7499999999999999,493.0,Very high turbidity,4,/content/resized_folder/resized_DSC_8961.jpg
147,148,7.04,22.8,3.5,8.2,336,0.2,380.8,Low turbidity,1,/content/resized_folder/resized_DSC_8918.jpg
148,149,7.35,21.4,3.9,9.8,367,0.4,421.6,Moderate turbidity,2,/content/resized_folder/resized_DSC_8909.jpg
149,150,7.08,22.2,4.3,7.5,327,0.6,462.4,High turbidity,3,/content/resized_folder/resized_DSC_8959.jpg
150,151,7.26,21.0,3.8,9.3,354,0.3499999999999999,411.4,Moderate turbidity,2,/content/resized_folder/resized_DSC_8896.jpg
151,152,7.03,23.2,4.1,6.8,323,0.4999999999999999,442.0,High turbidity,3,/content/resized_folder/resized_DSC_8965.jpg
152,153,7.15,21.1,4.7,7.7,345,0.8000000000000003,503.20000000000005,Very high turbidity,4,/content/resized_folder/resized_DSC_8938.jpg
153,154,7.19,22.5,3.1,9.6,351,0.0,340.0,Low turbidity,1,/content/resized_folder/resized_DSC_8861.jpg
154,155,7.11,22.9,4.4,8.0,339,0.6500000000000002,472.6,High turbidity,3,/content/resized_folder/resized_DSC_8972.jpg
155,156,7.01,20.9,4.8,6.9,328,0.8500000000000001,513.4,Very high turbidity,4,/content/resized_folder/resized_DSC_8956.jpg
156,157,7.31,21.6,3.6,9.2,359,0.25000000000000006,391.0,Moderate turbidity,2,/content/resized_folder/resized_DSC_8908.jpg
157,158,7.02,22.2,4.5,7.4,337,0.7000000000000001,482.8,High turbidity,3,/content/resized_folder/resized_DSC_8958.jpg
158,159,7.25,21.8,4.2,8.9,346,0.5500000000000002,452.20000000000005,High turbidity,3,/content/resized_folder/resized_DSC_8965.jpg
159,160,7.12,23.5,4.6,7.9,333,0.7499999999999999,493.0,Very high turbidity,4,/content/resized_folder/resized_DSC_8937.jpg
160,161,7.17,21.4,3.9,8.5,331,0.4,421.6,Moderate turbidity,2,/content/resized_folder/resized_DSC_8910.jpg
161,162,7.29,20.8,4.7,9.6,363,0.8000000000000003,503.20000000000005,Very high turbidity,4,/content/resized_folder/resized_DSC_8945.jpg
162,163,7.01,22.3,4.5,7.8,328,0.7000000000000001,482.8,High turbidity,3,/content/resized_folder/resized_DSC_8969.jpg
163,164,7.18,23.0,4.1,8.9,347,0.4999999999999999,442.0,High turbidity,3,/content/resized_folder/resized_DSC_8972.jpg
164,165,7.14,20.5,3.6,8.0,333,0.25000000000000006,391.0,Moderate turbidity,2,/content/resized_folder/resized_DSC_8905.jpg
165,166,7.25,21.3,4.4,9.4,352,0.6500000000000002,472.6,High turbidity,3,/content/resized_folder/resized_DSC_8968.jpg
166,167,7.05,22.6,3.9,7.3,325,0.4,421.6,Moderate turbidity,2,/content/resized_folder/resized_DSC_8899.jpg
167,168,7.2,21.2,4.6,8.6,345,0.7499999999999999,493.0,Very high turbidity,4,/content/resized_folder/resized_DSC_8949.jpg
168,169,7.1,22.9,3.7,8.1,335,0.3000000000000001,401.20000000000005,Moderate turbidity,2,/content/resized_folder/resized_DSC_8903.jpg
169,170,7.33,23.4,4.5,9.9,370,0.7000000000000001,482.8,High turbidity,3,/content/resized_folder/resized_DSC_8963.jpg
170,171,7.07,20.6,3.5,7.7,329,0.2,380.8,Low turbidity,1,/content/resized_folder/resized_DSC_8876.jpg
171,172,7.21,22.1,4.2,8.8,350,0.5500000000000002,452.20000000000005,High turbidity,3,/content/resized_folder/resized_DSC_8959.jpg
172,173,7.23,23.3,4.6,9.7,359,0.7499999999999999,493.0,Very high turbidity,4,/content/resized_folder/resized_DSC_8947.jpg
173,174,7.16,21.8,4.0,8.3,339,0.45000000000000007,431.8,Moderate turbidity,2,/content/resized_folder/resized_DSC_8915.jpg
174,175,7.28,20.9,4.3,9.2,360,0.6,462.4,High turbidity,3,/content/resized_folder/resized_DSC_8963.jpg
175,176,7.09,22.2,3.7,7.9,331,0.3000000000000001,401.20000000000005,Moderate turbidity,2,/content/resized_folder/resized_DSC_8905.jpg
176,177,7.22,23.1,4.4,8.5,355,0.6500000000000002,472.6,High turbidity,3,/content/resized_folder/resized_DSC_8972.jpg
177,178,7.04,20.8,4.1,7.5,332,0.4999999999999999,442.0,High turbidity,3,/content/resized_folder/resized_DSC_8970.jpg
178,179,7.35,22.5,3.8,9.8,370,0.3499999999999999,411.4,Moderate turbidity,2,/content/resized_folder/resized_DSC_8910.jpg
179,180,7.08,21.7,4.6,7.4,330,0.7499999999999999,493.0,Very high turbidity,4,/content/resized_folder/resized_DSC_8949.jpg
180,181,7.26,23.0,3.9,9.5,357,0.4,421.6,Moderate turbidity,2,/content/resized_folder/resized_DSC_8911.jpg
181,182,7.03,20.7,4.4,7.1,327,0.6500000000000002,472.6,High turbidity,3,/content/resized_folder/resized_DSC_8972.jpg
182,183,7.15,22.1,3.8,8.1,342,0.3499999999999999,411.4,Moderate turbidity,2,/content/resized_folder/resized_DSC_8901.jpg
183,184,7.19,23.2,4.3,9.0,351,0.6,462.4,High turbidity,3,/content/resized_folder/resized_DSC_8975.jpg
184,185,7.11,21.3,4.5,7.9,334,0.7000000000000001,482.8,High turbidity,3,/content/resized_folder/resized_DSC_8967.jpg
185,186,7.01,22.0,3.6,7.1,327,0.25000000000000006,391.0,Moderate turbidity,2,/content/resized_folder/resized_DSC_8913.jpg
186,187,7.31,21.5,4.7,9.4,364,0.8000000000000003,503.20000000000005,Very high turbidity,4,/content/resized_folder/resized_DSC_8938.jpg
187,188,7.02,23.1,4.1,6.8,322,0.4999999999999999,442.0,High turbidity,3,/content/resized_folder/resized_DSC_8965.jpg
188,189,7.25,20.7,4.6,8.7,346,0.7499999999999999,493.0,Very high turbidity,4,/content/resized_folder/resized_DSC_8982.jpg
189,190,7.12,22.4,3.5,8.2,338,0.2,380.8,Low turbidity,1,/content/resized_folder/resized_DSC_8932.jpg
190,191,7.09,21.9,4.2,8.2,336,0.5500000000000002,452.20000000000005,High turbidity,3,/content/resized_folder/resized_DSC_8974.jpg
191,192,7.16,22.5,3.9,8.4,340,0.4,421.6,Moderate turbidity,2,/content/resized_folder/resized_DSC_8901.jpg
192,193,7.2,21.7,4.1,8.6,347,0.4999999999999999,442.0,High turbidity,3,/content/resized_folder/resized_DSC_8974.jpg
193,194,7.08,23.5,3.8,7.8,330,0.3499999999999999,411.4,Moderate turbidity,2,/content/resized_folder/resized_DSC_8895.jpg
194,195,7.32,20.5,4.2,9.8,369,0.5500000000000002,452.20000000000005,High turbidity,3,/content/resized_folder/resized_DSC_8969.jpg
195,196,7.14,21.2,4.3,8.1,340,0.6,462.4,High turbidity,3,/content/resized_folder/resized_DSC_8971.jpg
196,197,7.05,22.8,3.6,7.4,328,0.25000000000000006,391.0,Moderate turbidity,2,/content/resized_folder/resized_DSC_8901.jpg
197,198,7.25,23.2,4.4,9.3,357,0.6500000000000002,472.6,High turbidity,3,/content/resized_folder/resized_DSC_8968.jpg
198,199,7.19,21.6,4.6,8.7,344,0.7499999999999999,493.0,Very high turbidity,4,/content/resized_folder/resized_DSC_8991.jpg
199,200,7.1,22.7,3.5,7.9,335,0.2,380.8,Low turbidity,1,/content/resized_folder/resized_DSC_8929.jpg
200,201,7.16,21.8,4.2,8.4,342,0.5500000000000002,452.20000000000005,High turbidity,3,/content/resized_folder/resized_DSC_8975.jpg
201,202,7.29,23.1,3.8,9.3,357,0.3499999999999999,411.4,Moderate turbidity,2,/content/resized_folder/resized_DSC_8899.jpg
202,203,7.01,21.3,4.3,7.9,328,0.6,462.4,High turbidity,3,/content/resized_folder/resized_DSC_8968.jpg
203,204,7.18,22.2,3.9,8.5,347,0.4,421.6,Moderate turbidity,2,/content/resized_folder/resized_DSC_8901.jpg
204,205,7.14,23.4,4.7,8.8,353,0.8000000000000003,503.20000000000005,Very high turbidity,4,/content/resized_folder/resized_DSC_8991.jpg
205,206,7.25,20.6,4.5,9.2,349,0.7000000000000001,482.8,High turbidity,3,/content/resized_folder/resized_DSC_8968.jpg
206,207,7.05,22.5,3.7,7.5,330,0.3000000000000001,401.20000000000005,Moderate turbidity,2,/content/resized_folder/resized_DSC_8902.jpg
207,208,7.2,21.9,4.6,8.1,341,0.7499999999999999,493.0,Very high turbidity,4,/content/resized_folder/resized_DSC_8950.jpg
208,209,7.1,23.0,4.1,9.0,356,0.4999999999999999,442.0,High turbidity,3,/content/resized_folder/resized_DSC_8970.jpg
209,210,7.33,20.9,4.4,9.7,366,0.6500000000000002,472.6,High turbidity,3,/content/resized_folder/resized_DSC_8958.jpg
210,211,7.07,22.1,3.8,7.7,331,0.3499999999999999,411.4,Moderate turbidity,2,/content/resized_folder/resized_DSC_8908.jpg
211,212,7.21,23.3,4.3,8.9,358,0.6,462.4,High turbidity,3,/content/resized_folder/resized_DSC_8974.jpg
212,213,7.23,20.8,4.2,8.6,345,0.5500000000000002,452.20000000000005,High turbidity,3,/content/resized_folder/resized_DSC_8962.jpg
213,214,7.16,22.6,3.6,9.1,335,0.25000000000000006,391.0,Moderate turbidity,2,/content/resized_folder/resized_DSC_8900.jpg
214,215,7.28,21.2,4.5,8.3,348,0.7000000000000001,482.8,High turbidity,3,/content/resized_folder/resized_DSC_8974.jpg
215,216,7.09,22.9,3.9,9.4,362,0.4,421.6,Moderate turbidity,2,/content/resized_folder/resized_DSC_8900.jpg
216,217,7.22,20.5,4.6,8.2,344,0.7499999999999999,493.0,Very high turbidity,4,/content/resized_folder/resized_DSC_8966.jpg
217,218,7.04,23.0,3.7,7.8,330,0.3000000000000001,401.20000000000005,Moderate turbidity,2,/content/resized_folder/resized_DSC_8898.jpg
218,219,7.35,21.6,4.4,9.5,369,0.6500000000000002,472.6,High turbidity,3,/content/resized_folder/resized_DSC_8969.jpg
219,220,7.08,22.3,3.8,8.0,333,0.3499999999999999,411.4,Moderate turbidity,2,/content/resized_folder/resized_DSC_8905.jpg
220,221,7.26,23.2,4.3,9.6,359,0.6,462.4,High turbidity,3,/content/resized_folder/resized_DSC_8970.jpg
221,222,7.03,21.1,4.2,7.6,324,0.5500000000000002,452.20000000000005,High turbidity,3,/content/resized_folder/resized_DSC_8962.jpg
222,223,7.15,22.7,3.9,8.9,347,0.4,421.6,Moderate turbidity,2,/content/resized_folder/resized_DSC_8897.jpg
223,224,7.19,21.4,4.5,7.8,336,0.7000000000000001,482.8,High turbidity,3,/content/resized_folder/resized_DSC_8972.jpg
224,225,7.11,23.5,3.6,9.2,355,0.25000000000000006,391.0,Moderate turbidity,2,/content/resized_folder/resized_DSC_8897.jpg
225,226,7.01,20.7,4.7,7.2,331,0.8000000000000003,503.20000000000005,Very high turbidity,4,/content/resized_folder/resized_DSC_8982.jpg
226,227,7.31,22.4,4.4,8.7,348,0.6500000000000002,472.6,High turbidity,3,/content/resized_folder/resized_DSC_8963.jpg
227,228,7.02,23.0,3.8,9.3,361,0.3499999999999999,411.4,Moderate turbidity,2,/content/resized_folder/resized_DSC_8912.jpg
228,229,7.25,21.8,4.6,7.5,335,0.7499999999999999,493.0,Very high turbidity,4,/content/resized_folder/resized_DSC_8943.jpg
229,230,7.12,22.3,4.1,8.8,343,0.4999999999999999,442.0,High turbidity,3,/content/resized_folder/resized_DSC_8965.jpg
230,231,7.16,20.8,3.9,8.3,339,0.4,421.6,Moderate turbidity,2,/content/resized_folder/resized_DSC_8897.jpg
231,232,7.29,22.7,4.5,9.4,364,0.7000000000000001,482.8,High turbidity,3,/content/resized_folder/resized_DSC_8968.jpg
232,233,7.01,21.4,4.2,7.7,327,0.5500000000000002,452.20000000000005,High turbidity,3,/content/resized_folder/resized_DSC_8975.jpg
233,234,7.18,23.2,3.6,9.1,351,0.25000000000000006,391.0,Moderate turbidity,2,/content/resized_folder/resized_DSC_8904.jpg
234,235,7.14,20.9,4.4,7.9,336,0.6500000000000002,472.6,High turbidity,3,/content/resized_folder/resized_DSC_8959.jpg
235,236,7.25,22.6,3.8,8.4,344,0.3499999999999999,411.4,Moderate turbidity,2,/content/resized_folder/resized_DSC_8909.jpg
236,237,7.05,21.1,4.7,8.2,333,0.8000000000000003,503.20000000000005,Very high turbidity,4,/content/resized_folder/resized_DSC_8937.jpg
237,238,7.2,23.4,4.3,9.5,360,0.6,462.4,High turbidity,3,/content/resized_folder/resized_DSC_8957.jpg
238,239,7.1,21.9,3.9,8.7,342,0.4,421.6,Moderate turbidity,2,/content/resized_folder/resized_DSC_8902.jpg
239,240,7.33,22.5,4.6,9.9,370,0.7499999999999999,493.0,Very high turbidity,4,/content/resized_folder/resized_DSC_8960.jpg
240,241,7.07,23.3,3.8,8.0,345,0.3499999999999999,411.4,Moderate turbidity,2,/content/resized_folder/resized_DSC_8907.jpg
241,242,7.21,20.8,4.5,9.3,359,0.7000000000000001,482.8,High turbidity,3,/content/resized_folder/resized_DSC_8972.jpg
242,243,7.23,22.3,4.1,8.9,355,0.4999999999999999,442.0,High turbidity,3,/content/resized_folder/resized_DSC_8975.jpg
243,244,7.16,21.6,4.4,8.1,338,0.6500000000000002,472.6,High turbidity,3,/content/resized_folder/resized_DSC_8962.jpg
244,245,7.28,23.1,3.7,9.6,367,0.3000000000000001,401.20000000000005,Moderate turbidity,2,/content/resized_folder/resized_DSC_8912.jpg
245,246,7.09,20.4,4.6,7.5,329,0.7499999999999999,493.0,Very high turbidity,4,/content/resized_folder/resized_DSC_8956.jpg
246,247,7.22,22.0,4.3,8.6,347,0.6,462.4,High turbidity,3,/content/resized_folder/resized_DSC_8975.jpg
247,248,7.04,23.2,3.9,7.8,332,0.4,421.6,Moderate turbidity,2,/content/resized_folder/resized_DSC_8900.jpg
248,249,7.35,21.5,4.7,9.7,366,0.8000000000000003,503.20000000000005,Very high turbidity,4,/content/resized_folder/resized_DSC_8946.jpg
249,250,7.08,22.6,3.8,8.2,340,0.3499999999999999,411.4,Moderate turbidity,2,/content/resized_folder/resized_DSC_8901.jpg
250,251,7.26,21.3,4.5,9.2,358,0.7000000000000001,482.8,High turbidity,3,/content/resized_folder/resized_DSC_8969.jpg
251,252,7.03,22.2,4.2,7.6,329,0.5500000000000002,452.20000000000005,High turbidity,3,/content/resized_folder/resized_DSC_8957.jpg
252,253,7.15,23.0,3.6,9.1,353,0.25000000000000006,391.0,Moderate turbidity,2,/content/resized_folder/resized_DSC_8910.jpg
253,254,7.19,20.6,4.4,8.5,342,0.6500000000000002,472.6,High turbidity,3,/content/resized_folder/resized_DSC_8975.jpg
254,255,7.11,22.5,3.9,9.4,363,0.4,421.6,Moderate turbidity,2,/content/resized_folder/resized_DSC_8915.jpg
255,256,7.01,21.2,4.6,7.8,328,0.7499999999999999,493.0,Very high turbidity,4,/content/resized_folder/resized_DSC_8944.jpg
256,257,7.31,23.3,4.1,9.2,362,0.4999999999999999,442.0,High turbidity,3,/content/resized_folder/resized_DSC_8968.jpg
257,258,7.02,20.9,4.5,8.7,337,0.7000000000000001,482.8,High turbidity,3,/content/resized_folder/resized_DSC_8970.jpg
258,259,7.25,22.8,3.8,9.5,359,0.3499999999999999,411.4,Moderate turbidity,2,/content/resized_folder/resized_DSC_8912.jpg
259,260,7.12,21.4,4.3,7.9,336,0.6,462.4,High turbidity,3,/content/resized_folder/resized_DSC_8967.jpg
260,261,7.16,22.1,3.9,8.3,342,0.4,421.6,Moderate turbidity,2,/content/resized_folder/resized_DSC_8896.jpg
261,262,7.29,20.8,4.6,9.2,355,0.7499999999999999,493.0,Very high turbidity,4,/content/resized_folder/resized_DSC_8982.jpg
262,263,7.01,22.3,4.3,7.7,329,0.6,462.4,High turbidity,3,/content/resized_folder/resized_DSC_8965.jpg
263,264,7.18,23.0,3.7,9.1,352,0.3000000000000001,401.20000000000005,Moderate turbidity,2,/content/resized_folder/resized_DSC_8897.jpg
264,265,7.14,20.5,4.5,7.9,334,0.7000000000000001,482.8,High turbidity,3,/content/resized_folder/resized_DSC_8968.jpg
265,266,7.25,21.3,4.2,8.4,346,0.5500000000000002,452.20000000000005,High turbidity,3,/content/resized_folder/resized_DSC_8965.jpg
266,267,7.05,22.6,3.8,7.5,328,0.3499999999999999,411.4,Moderate turbidity,2,/content/resized_folder/resized_DSC_8913.jpg
267,268,7.2,21.2,4.7,8.1,341,0.8000000000000003,503.20000000000005,Very high turbidity,4,/content/resized_folder/resized_DSC_8939.jpg
268,269,7.1,22.9,3.9,8.7,348,0.4,421.6,Moderate turbidity,2,/content/resized_folder/resized_DSC_8905.jpg
269,270,7.33,23.4,4.6,9.8,368,0.7499999999999999,493.0,Very high turbidity,4,/content/resized_folder/resized_DSC_8938.jpg
270,271,7.07,20.6,3.8,7.7,331,0.3499999999999999,411.4,Moderate turbidity,2,/content/resized_folder/resized_DSC_8915.jpg
271,272,7.21,22.1,4.5,8.9,355,0.7000000000000001,482.8,High turbidity,3,/content/resized_folder/resized_DSC_8959.jpg
272,273,7.23,23.3,4.2,8.6,351,0.5500000000000002,452.20000000000005,High turbidity,3,/content/resized_folder/resized_DSC_8969.jpg
273,274,7.16,20.8,4.3,8.0,332,0.6,462.4,High turbidity,3,/content/resized_folder/resized_DSC_8957.jpg
274,275,7.28,23.0,3.6,9.4,362,0.25000000000000006,391.0,Moderate turbidity,2,/content/resized_folder/resized_DSC_8898.jpg
275,276,7.09,21.9,4.5,7.8,338,0.7000000000000001,482.8,High turbidity,3,/content/resized_folder/resized_DSC_8958.jpg
276,277,7.22,20.5,4.4,8.5,345,0.6500000000000002,472.6,High turbidity,3,/content/resized_folder/resized_DSC_8962.jpg
277,278,7.04,22.8,3.7,8.2,333,0.3000000000000001,401.20000000000005,Moderate turbidity,2,/content/resized_folder/resized_DSC_8906.jpg
278,279,7.35,21.4,4.6,9.7,370,0.7499999999999999,493.0,Very high turbidity,4,/content/resized_folder/resized_DSC_8961.jpg
279,280,7.08,22.2,3.9,7.9,335,0.4,421.6,Moderate turbidity,2,/content/resized_folder/resized_DSC_8896.jpg
280,281,7.26,21.0,4.5,9.3,359,0.7000000000000001,482.8,High turbidity,3,/content/resized_folder/resized_DSC_8967.jpg
281,282,7.03,23.2,4.2,7.6,327,0.5500000000000002,452.20000000000005,High turbidity,3,/content/resized_folder/resized_DSC_8959.jpg
282,283,7.15,21.1,4.1,8.3,342,0.4999999999999999,442.0,High turbidity,3,/content/resized_folder/resized_DSC_8970.jpg
283,284,7.19,22.5,4.3,9.0,351,0.6,462.4,High turbidity,3,/content/resized_folder/resized_DSC_8965.jpg
284,285,7.11,22.9,3.8,8.0,339,0.3499999999999999,411.4,Moderate turbidity,2,/content/resized_folder/resized_DSC_8901.jpg
285,286,7.01,20.9,4.6,7.2,328,0.7499999999999999,493.0,Very high turbidity,4,/content/resized_folder/resized_DSC_8948.jpg
286,287,7.31,21.6,3.9,9.2,358,0.4,421.6,Moderate turbidity,2,/content/resized_folder/resized_DSC_8911.jpg
287,288,7.02,22.2,4.4,7.4,337,0.6500000000000002,472.6,High turbidity,3,/content/resized_folder/resized_DSC_8963.jpg
288,289,7.25,21.8,4.1,8.9,345,0.4999999999999999,442.0,High turbidity,3,/content/resized_folder/resized_DSC_8971.jpg
289,290,7.12,23.5,4.5,7.9,333,0.7000000000000001,482.8,High turbidity,3,/content/resized_folder/resized_DSC_8957.jpg
290,291,7.16,21.3,4.0,8.3,341,0.45000000000000007,431.8,Moderate turbidity,2,/content/resized_folder/resized_DSC_8915.jpg
291,292,7.29,22.4,4.7,9.2,360,0.8000000000000003,503.20000000000005,Very high turbidity,4,/content/resized_folder/resized_DSC_8960.jpg
292,293,7.01,21.0,4.5,7.7,328,0.7000000000000001,482.8,High turbidity,3,/content/resized_folder/resized_DSC_8957.jpg
293,294,7.18,23.2,3.9,9.1,353,0.4,421.6,Moderate turbidity,2,/content/resized_folder/resized_DSC_8906.jpg
294,295,7.14,20.9,4.4,7.9,336,0.6500000000000002,472.6,High turbidity,3,/content/resized_folder/resized_DSC_8967.jpg
295,296,7.25,22.5,3.8,8.4,343,0.3499999999999999,411.4,Moderate turbidity,2,/content/resized_folder/resized_DSC_8910.jpg
296,297,7.05,21.1,4.3,7.5,330,0.6,462.4,High turbidity,3,/content/resized_folder/resized_DSC_8965.jpg
297,298,7.2,22.9,4.6,8.1,346,0.7499999999999999,493.0,Very high turbidity,4,/content/resized_folder/resized_DSC_8937.jpg
298,299,7.1,21.8,3.9,8.7,342,0.4,421.6,Moderate turbidity,2,/content/resized_folder/resized_DSC_8905.jpg
299,300,7.33,23.1,4.5,9.8,366,0.7000000000000001,482.8,High turbidity,3,/content/resized_folder/resized_DSC_8958.jpg
300,301,7.07,20.7,3.8,7.7,331,0.3499999999999999,411.4,Moderate turbidity,2,/content/resized_folder/resized_DSC_8898.jpg
301,302,7.21,22.6,4.5,8.9,356,0.7000000000000001,482.8,High turbidity,3,/content/resized_folder/resized_DSC_8965.jpg
302,303,7.23,21.2,4.2,8.6,344,0.5500000000000002,452.20000000000005,High turbidity,3,/content/resized_folder/resized_DSC_8963.jpg
303,304,7.16,23.0,3.6,9.1,354,0.25000000000000006,391.0,Moderate turbidity,2,/content/resized_folder/resized_DSC_8909.jpg
304,305,7.28,20.8,4.5,9.5,361,0.7000000000000001,482.8,High turbidity,3,/content/resized_folder/resized_DSC_8965.jpg
305,306,7.09,22.3,3.9,9.4,363,0.4,421.6,Moderate turbidity,2,/content/resized_folder/resized_DSC_8896.jpg
306,307,7.22,23.2,4.3,8.5,350,0.6,462.4,High turbidity,3,/content/resized_folder/resized_DSC_8972.jpg
307,308,7.04,20.6,4.4,7.8,335,0.6500000000000002,472.6,High turbidity,3,/content/resized_folder/resized_DSC_8958.jpg
308,309,7.35,22.1,3.7,9.7,368,0.3000000000000001,401.20000000000005,Moderate turbidity,2,/content/resized_folder/resized_DSC_8906.jpg
309,310,7.08,23.4,4.6,8.2,349,0.7499999999999999,493.0,Very high turbidity,4,/content/resized_folder/resized_DSC_8966.jpg
310,311,7.26,21.3,3.9,9.2,359,0.4,421.6,Moderate turbidity,2,/content/resized_folder/resized_DSC_8912.jpg
311,312,7.03,22.0,4.2,7.6,328,0.5500000000000002,452.20000000000005,High turbidity,3,/content/resized_folder/resized_DSC_8975.jpg
312,313,7.15,23.1,3.6,8.9,352,0.25000000000000006,391.0,Moderate turbidity,2,/content/resized_folder/resized_DSC_8903.jpg
313,314,7.19,21.4,4.3,7.8,336,0.6,462.4,High turbidity,3,/content/resized_folder/resized_DSC_8974.jpg
314,315,7.11,22.7,4.5,8.3,347,0.7000000000000001,482.8,High turbidity,3,/content/resized_folder/resized_DSC_8970.jpg
315,316,7.01,20.8,4.6,7.1,327,0.7499999999999999,493.0,Very high turbidity,4,/content/resized_folder/resized_DSC_8982.jpg
316,317,7.31,22.5,3.8,9.4,362,0.3499999999999999,411.4,Moderate turbidity,2,/content/resized_folder/resized_DSC_8906.jpg
317,318,7.02,21.2,4.7,7.5,334,0.8000000000000003,503.20000000000005,Very high turbidity,4,/content/resized_folder/resized_DSC_8991.jpg
318,319,7.25,23.0,3.9,8.7,358,0.4,421.6,Moderate turbidity,2,/content/resized_folder/resized_DSC_8905.jpg
319,320,7.12,20.9,4.4,8.2,339,0.6500000000000002,472.6,High turbidity,3,/content/resized_folder/resized_DSC_8971.jpg
320,321,7.16,21.7,4.1,8.3,344,0.4999999999999999,442.0,High turbidity,3,/content/resized_folder/resized_DSC_8958.jpg
321,322,7.29,22.8,4.8,9.2,361,0.8500000000000001,513.4,Very high turbidity,4,/content/resized_folder/resized_DSC_8960.jpg
322,323,7.01,21.4,4.6,7.7,329,0.7499999999999999,493.0,Very high turbidity,4,/content/resized_folder/resized_DSC_8952.jpg
323,324,7.18,23.1,4.0,9.1,354,0.45000000000000007,431.8,Moderate turbidity,2,/content/resized_folder/resized_DSC_8896.jpg
324,325,7.14,20.7,4.4,7.9,336,0.6500000000000002,472.6,High turbidity,3,/content/resized_folder/resized_DSC_8972.jpg
325,326,7.25,22.3,3.8,8.4,344,0.3499999999999999,411.4,Moderate turbidity,2,/content/resized_folder/resized_DSC_8910.jpg
326,327,7.05,21.0,4.3,7.5,329,0.6,462.4,High turbidity,3,/content/resized_folder/resized_DSC_8959.jpg
327,328,7.2,22.9,4.7,8.1,347,0.8000000000000003,503.20000000000005,Very high turbidity,4,/content/resized_folder/resized_DSC_8955.jpg
328,329,7.1,21.8,4.0,8.7,343,0.45000000000000007,431.8,Moderate turbidity,2,/content/resized_folder/resized_DSC_8906.jpg
329,330,7.33,23.2,4.6,9.8,367,0.7499999999999999,493.0,Very high turbidity,4,/content/resized_folder/resized_DSC_8944.jpg
330,331,7.07,20.8,3.8,7.7,332,0.3499999999999999,411.4,Moderate turbidity,2,/content/resized_folder/resized_DSC_8911.jpg
331,332,7.21,22.4,4.5,8.9,356,0.7000000000000001,482.8,High turbidity,3,/content/resized_folder/resized_DSC_8969.jpg
332,333,7.23,21.2,4.2,8.6,343,0.5500000000000002,452.20000000000005,High turbidity,3,/content/resized_folder/resized_DSC_8969.jpg
333,334,7.16,23.0,3.6,9.1,354,0.25000000000000006,391.0,Moderate turbidity,2,/content/resized_folder/resized_DSC_8904.jpg
334,335,7.28,20.9,4.5,9.5,362,0.7000000000000001,482.8,High turbidity,3,/content/resized_folder/resized_DSC_8959.jpg
335,336,7.09,22.5,3.9,9.4,363,0.4,421.6,Moderate turbidity,2,/content/resized_folder/resized_DSC_8909.jpg
336,337,7.22,23.3,4.3,8.5,350,0.6,462.4,High turbidity,3,/content/resized_folder/resized_DSC_8959.jpg
337,338,7.04,20.7,4.4,7.8,335,0.6500000000000002,472.6,High turbidity,3,/content/resized_folder/resized_DSC_8970.jpg
338,339,7.35,22.6,3.7,9.7,369,0.3000000000000001,401.20000000000005,Moderate turbidity,2,/content/resized_folder/resized_DSC_8915.jpg
339,340,7.08,21.3,4.6,8.2,340,0.7499999999999999,493.0,Very high turbidity,4,/content/resized_folder/resized_DSC_8991.jpg
340,341,7.26,23.1,3.9,9.2,360,0.4,421.6,Moderate turbidity,2,/content/resized_folder/resized_DSC_8911.jpg
341,342,7.03,22.0,4.2,7.6,330,0.5500000000000002,452.20000000000005,High turbidity,3,/content/resized_folder/resized_DSC_8971.jpg
342,343,7.15,23.2,3.6,8.9,353,0.25000000000000006,391.0,Moderate turbidity,2,/content/resized_folder/resized_DSC_8906.jpg
343,344,7.19,21.4,4.3,7.8,336,0.6,462.4,High turbidity,3,/content/resized_folder/resized_DSC_8958.jpg
344,345,7.11,22.7,4.5,8.3,347,0.7000000000000001,482.8,High turbidity,3,/content/resized_folder/resized_DSC_8967.jpg
345,346,7.01,20.8,4.6,7.1,327,0.7499999999999999,493.0,Very high turbidity,4,/content/resized_folder/resized_DSC_8991.jpg
346,347,7.31,22.5,3.8,9.4,361,0.3499999999999999,411.4,Moderate turbidity,2,/content/resized_folder/resized_DSC_8908.jpg
347,348,7.02,21.2,4.7,7.5,334,0.8000000000000003,503.20000000000005,Very high turbidity,4,/content/resized_folder/resized_DSC_8950.jpg
348,349,7.25,23.0,3.9,8.7,359,0.4,421.6,Moderate turbidity,2,/content/resized_folder/resized_DSC_8912.jpg
349,350,7.12,20.9,4.4,8.2,339,0.6500000000000002,472.6,High turbidity,3,/content/resized_folder/resized_DSC_8971.jpg
350,351,7.16,21.7,4.1,8.3,344,0.4999999999999999,442.0,High turbidity,3,/content/resized_folder/resized_DSC_8972.jpg
351,352,7.29,22.8,4.8,9.2,361,0.8500000000000001,513.4,Very high turbidity,4,/content/resized_folder/resized_DSC_8937.jpg
352,353,7.01,21.4,4.6,7.7,329,0.7499999999999999,493.0,Very high turbidity,4,/content/resized_folder/resized_DSC_8955.jpg
353,354,7.18,23.1,4.0,9.1,354,0.45000000000000007,431.8,Moderate turbidity,2,/content/resized_folder/resized_DSC_8900.jpg
354,355,7.14,20.7,4.4,7.9,336,0.6500000000000002,472.6,High turbidity,3,/content/resized_folder/resized_DSC_8969.jpg
355,356,7.25,22.3,3.8,8.4,344,0.3499999999999999,411.4,Moderate turbidity,2,/content/resized_folder/resized_DSC_8908.jpg
356,357,7.05,21.0,4.3,7.5,329,0.6,462.4,High turbidity,3,/content/resized_folder/resized_DSC_8962.jpg
357,358,7.2,22.9,4.7,8.1,347,0.8000000000000003,503.20000000000005,Very high turbidity,4,/content/resized_folder/resized_DSC_8943.jpg
358,359,7.1,21.8,4.0,8.7,343,0.45000000000000007,431.8,Moderate turbidity,2,/content/resized_folder/resized_DSC_8911.jpg
359,360,7.33,23.2,4.6,9.8,367,0.7499999999999999,493.0,Very high turbidity,4,/content/resized_folder/resized_DSC_8954.jpg
360,361,7.07,20.8,3.8,7.7,332,0.3499999999999999,411.4,Moderate turbidity,2,/content/resized_folder/resized_DSC_8896.jpg
361,362,7.21,22.4,4.5,8.9,356,0.7000000000000001,482.8,High turbidity,3,/content/resized_folder/resized_DSC_8975.jpg
362,363,7.23,21.2,4.2,8.6,343,0.5500000000000002,452.20000000000005,High turbidity,3,/content/resized_folder/resized_DSC_8972.jpg
363,364,7.16,23.0,3.6,9.1,354,0.25000000000000006,391.0,Moderate turbidity,2,/content/resized_folder/resized_DSC_8910.jpg
364,365,7.28,20.9,4.5,9.5,362,0.7000000000000001,482.8,High turbidity,3,/content/resized_folder/resized_DSC_8972.jpg
365,366,7.09,22.5,3.9,9.4,363,0.4,421.6,Moderate turbidity,2,/content/resized_folder/resized_DSC_8899.jpg
366,367,7.22,23.3,4.3,8.5,350,0.6,462.4,High turbidity,3,/content/resized_folder/resized_DSC_8972.jpg
367,368,7.04,20.7,4.4,7.8,335,0.6500000000000002,472.6,High turbidity,3,/content/resized_folder/resized_DSC_8957.jpg
368,369,7.35,22.6,3.7,9.7,369,0.3000000000000001,401.20000000000005,Moderate turbidity,2,/content/resized_folder/resized_DSC_8901.jpg
369,370,7.08,21.3,4.6,8.2,340,0.7499999999999999,493.0,Very high turbidity,4,/content/resized_folder/resized_DSC_8960.jpg
370,371,7.26,23.1,3.9,9.2,360,0.4,421.6,Moderate turbidity,2,/content/resized_folder/resized_DSC_8895.jpg
371,372,7.03,22.0,4.2,7.6,330,0.5500000000000002,452.20000000000005,High turbidity,3,/content/resized_folder/resized_DSC_8958.jpg
372,373,7.15,23.2,3.6,8.9,353,0.25000000000000006,391.0,Moderate turbidity,2,/content/resized_folder/resized_DSC_8897.jpg
373,374,7.19,21.4,4.3,7.8,336,0.6,462.4,High turbidity,3,/content/resized_folder/resized_DSC_8967.jpg
374,375,7.11,22.7,4.5,8.3,347,0.7000000000000001,482.8,High turbidity,3,/content/resized_folder/resized_DSC_8968.jpg
375,376,7.01,20.8,4.6,7.1,327,0.7499999999999999,493.0,Very high turbidity,4,/content/resized_folder/resized_DSC_8950.jpg
376,377,7.31,22.5,3.8,9.4,361,0.3499999999999999,411.4,Moderate turbidity,2,/content/resized_folder/resized_DSC_8895.jpg
377,378,7.02,21.2,4.7,7.5,334,0.8000000000000003,503.20000000000005,Very high turbidity,4,/content/resized_folder/resized_DSC_8955.jpg
378,379,7.25,23.0,3.9,8.7,359,0.4,421.6,Moderate turbidity,2,/content/resized_folder/resized_DSC_8902.jpg
379,380,7.12,20.9,4.4,8.2,339,0.6500000000000002,472.6,High turbidity,3,/content/resized_folder/resized_DSC_8968.jpg
380,381,7.16,21.7,4.1,8.3,344,0.4999999999999999,442.0,High turbidity,3,/content/resized_folder/resized_DSC_8968.jpg
381,382,7.29,22.8,4.8,9.2,361,0.8500000000000001,513.4,Very high turbidity,4,/content/resized_folder/resized_DSC_8964.jpg
382,383,7.01,21.4,4.6,7.7,329,0.7499999999999999,493.0,Very high turbidity,4,/content/resized_folder/resized_DSC_8973.jpg
383,384,7.18,23.1,4.0,9.1,354,0.45000000000000007,431.8,Moderate turbidity,2,/content/resized_folder/resized_DSC_8902.jpg
384,385,7.14,20.7,4.4,7.9,336,0.6500000000000002,472.6,High turbidity,3,/content/resized_folder/resized_DSC_8968.jpg
385,386,7.25,22.3,3.8,8.4,344,0.3499999999999999,411.4,Moderate turbidity,2,/content/resized_folder/resized_DSC_8901.jpg
386,387,7.05,21.0,4.3,7.5,329,0.6,462.4,High turbidity,3,/content/resized_folder/resized_DSC_8959.jpg
387,388,7.2,22.9,4.7,8.1,347,0.8000000000000003,503.20000000000005,Very high turbidity,4,/content/resized_folder/resized_DSC_8940.jpg
388,389,7.1,21.8,4.0,8.7,343,0.45000000000000007,431.8,Moderate turbidity,2,/content/resized_folder/resized_DSC_8900.jpg
389,390,7.33,23.2,4.6,9.8,367,0.7499999999999999,493.0,Very high turbidity,4,/content/resized_folder/resized_DSC_8941.jpg
390,391,7.07,20.8,3.8,7.7,332,0.3499999999999999,411.4,Moderate turbidity,2,/content/resized_folder/resized_DSC_8907.jpg
391,392,7.21,22.4,4.5,8.9,356,0.7000000000000001,482.8,High turbidity,3,/content/resized_folder/resized_DSC_8959.jpg
392,393,7.23,21.2,4.2,8.6,343,0.5500000000000002,452.20000000000005,High turbidity,3,/content/resized_folder/resized_DSC_8967.jpg
393,394,7.16,23.0,3.6,9.1,354,0.25000000000000006,391.0,Moderate turbidity,2,/content/resized_folder/resized_DSC_8907.jpg
394,395,7.28,20.9,4.5,9.5,362,0.7000000000000001,482.8,High turbidity,3,/content/resized_folder/resized_DSC_8965.jpg
395,396,7.09,22.5,3.9,9.4,363,0.4,421.6,Moderate turbidity,2,/content/resized_folder/resized_DSC_8901.jpg
396,397,7.22,23.3,4.3,8.5,350,0.6,462.4,High turbidity,3,/content/resized_folder/resized_DSC_8967.jpg
397,398,7.04,20.7,4.4,7.8,335,0.6500000000000002,472.6,High turbidity,3,/content/resized_folder/resized_DSC_8959.jpg
398,399,7.35,22.6,3.7,9.7,369,0.3000000000000001,401.20000000000005,Moderate turbidity,2,/content/resized_folder/resized_DSC_8900.jpg
399,400,7.08,21.3,4.6,8.2,340,0.7499999999999999,493.0,Very high turbidity,4,/content/resized_folder/resized_DSC_8938.jpg
400,401,7.26,23.1,3.9,9.2,360,0.4,421.6,Moderate turbidity,2,/content/resized_folder/resized_DSC_8897.jpg
401,402,7.03,22.0,4.2,7.6,330,0.5500000000000002,452.20000000000005,High turbidity,3,/content/resized_folder/resized_DSC_8957.jpg
402,403,7.15,23.2,3.6,8.9,353,0.25000000000000006,391.0,Moderate turbidity,2,/content/resized_folder/resized_DSC_8900.jpg
403,404,7.19,21.4,4.3,7.8,336,0.6,462.4,High turbidity,3,/content/resized_folder/resized_DSC_8959.jpg
404,405,7.11,22.7,4.5,8.3,347,0.7000000000000001,482.8,High turbidity,3,/content/resized_folder/resized_DSC_8962.jpg
405,406,7.01,20.8,4.6,7.1,327,0.7499999999999999,493.0,Very high turbidity,4,/content/resized_folder/resized_DSC_8947.jpg
406,407,7.31,22.5,3.8,9.4,361,0.3499999999999999,411.4,Moderate turbidity,2,/content/resized_folder/resized_DSC_8911.jpg
407,408,7.02,21.2,4.7,7.5,334,0.8000000000000003,503.20000000000005,Very high turbidity,4,/content/resized_folder/resized_DSC_8944.jpg
408,409,7.25,23.0,3.9,8.7,359,0.4,421.6,Moderate turbidity,2,/content/resized_folder/resized_DSC_8907.jpg
409,410,7.12,20.9,4.4,8.2,339,0.6500000000000002,472.6,High turbidity,3,/content/resized_folder/resized_DSC_8957.jpg
410,411,7.16,21.7,4.1,8.3,344,0.4999999999999999,442.0,High turbidity,3,/content/resized_folder/resized_DSC_8957.jpg
411,412,7.29,22.8,4.8,9.2,361,0.8500000000000001,513.4,Very high turbidity,4,/content/resized_folder/resized_DSC_8951.jpg
412,413,7.01,21.4,4.6,7.7,329,0.7499999999999999,493.0,Very high turbidity,4,/content/resized_folder/resized_DSC_8948.jpg
413,414,7.18,23.1,4.0,9.1,354,0.45000000000000007,431.8,Moderate turbidity,2,/content/resized_folder/resized_DSC_8913.jpg
414,415,7.14,20.7,4.4,7.9,336,0.6500000000000002,472.6,High turbidity,3,/content/resized_folder/resized_DSC_8958.jpg
415,416,7.25,22.3,3.8,8.4,344,0.3499999999999999,411.4,Moderate turbidity,2,/content/resized_folder/resized_DSC_8910.jpg
416,417,7.05,21.0,4.3,7.5,329,0.6,462.4,High turbidity,3,/content/resized_folder/resized_DSC_8968.jpg
417,418,7.2,22.9,4.7,8.1,347,0.8000000000000003,503.20000000000005,Very high turbidity,4,/content/resized_folder/resized_DSC_8947.jpg
418,419,7.1,21.8,4.0,8.7,343,0.45000000000000007,431.8,Moderate turbidity,2,/content/resized_folder/resized_DSC_8897.jpg
419,420,7.33,23.2,4.6,9.8,367,0.7499999999999999,493.0,Very high turbidity,4,/content/resized_folder/resized_DSC_8947.jpg
420,421,7.07,20.8,3.8,7.7,332,0.3499999999999999,411.4,Moderate turbidity,2,/content/resized_folder/resized_DSC_8915.jpg
421,422,7.21,22.4,4.5,8.9,356,0.7000000000000001,482.8,High turbidity,3,/content/resized_folder/resized_DSC_8969.jpg
422,423,7.23,21.2,4.2,8.6,343,0.5500000000000002,452.20000000000005,High turbidity,3,/content/resized_folder/resized_DSC_8962.jpg
423,424,7.16,23.0,3.6,9.1,354,0.25000000000000006,391.0,Moderate turbidity,2,/content/resized_folder/resized_DSC_8909.jpg
424,425,7.28,20.9,4.5,9.5,362,0.7000000000000001,482.8,High turbidity,3,/content/resized_folder/resized_DSC_8970.jpg
425,426,7.09,22.5,3.9,9.4,363,0.4,421.6,Moderate turbidity,2,/content/resized_folder/resized_DSC_8896.jpg
426,427,7.22,23.3,4.3,8.5,350,0.6,462.4,High turbidity,3,/content/resized_folder/resized_DSC_8959.jpg
427,428,7.04,20.7,4.4,7.8,335,0.6500000000000002,472.6,High turbidity,3,/content/resized_folder/resized_DSC_8967.jpg
428,429,7.35,22.6,3.7,9.7,369,0.3000000000000001,401.20000000000005,Moderate turbidity,2,/content/resized_folder/resized_DSC_8915.jpg
429,430,7.08,21.3,4.6,8.2,340,0.7499999999999999,493.0,Very high turbidity,4,/content/resized_folder/resized_DSC_8953.jpg
430,431,7.26,23.1,3.9,9.2,360,0.4,421.6,Moderate turbidity,2,/content/resized_folder/resized_DSC_8898.jpg
431,432,7.03,22.0,4.2,7.6,330,0.5500000000000002,452.20000000000005,High turbidity,3,/content/resized_folder/resized_DSC_8967.jpg
432,433,7.15,23.2,3.6,8.9,353,0.25000000000000006,391.0,Moderate turbidity,2,/content/resized_folder/resized_DSC_8915.jpg
433,434,7.19,21.4,4.3,7.8,336,0.6,462.4,High turbidity,3,/content/resized_folder/resized_DSC_8963.jpg
434,435,7.11,22.7,4.5,8.3,347,0.7000000000000001,482.8,High turbidity,3,/content/resized_folder/resized_DSC_8975.jpg
435,436,7.01,20.8,4.6,7.1,327,0.7499999999999999,493.0,Very high turbidity,4,/content/resized_folder/resized_DSC_8939.jpg
436,437,7.31,22.5,3.8,9.4,361,0.3499999999999999,411.4,Moderate turbidity,2,/content/resized_folder/resized_DSC_8902.jpg
437,438,7.02,21.2,4.7,7.5,334,0.8000000000000003,503.20000000000005,Very high turbidity,4,/content/resized_folder/resized_DSC_8941.jpg
438,439,7.25,23.0,3.9,8.7,359,0.4,421.6,Moderate turbidity,2,/content/resized_folder/resized_DSC_8906.jpg
439,440,7.12,20.9,4.4,8.2,339,0.6500000000000002,472.6,High turbidity,3,/content/resized_folder/resized_DSC_8972.jpg
440,441,7.16,21.7,4.1,8.3,344,0.4999999999999999,442.0,High turbidity,3,/content/resized_folder/resized_DSC_8959.jpg
441,442,7.29,22.8,4.8,9.2,361,0.8500000000000001,513.4,Very high turbidity,4,/content/resized_folder/resized_DSC_8939.jpg
442,443,7.01,21.4,4.6,7.7,329,0.7499999999999999,493.0,Very high turbidity,4,/content/resized_folder/resized_DSC_8964.jpg
443,444,7.18,23.1,4.0,9.1,354,0.45000000000000007,431.8,Moderate turbidity,2,/content/resized_folder/resized_DSC_8913.jpg
444,445,7.14,20.7,4.4,7.9,336,0.6500000000000002,472.6,High turbidity,3,/content/resized_folder/resized_DSC_8963.jpg
445,446,7.25,22.3,3.8,8.4,344,0.3499999999999999,411.4,Moderate turbidity,2,/content/resized_folder/resized_DSC_8900.jpg
446,447,7.05,21.0,4.3,7.5,329,0.6,462.4,High turbidity,3,/content/resized_folder/resized_DSC_8970.jpg
447,448,7.2,22.9,4.7,8.1,347,0.8000000000000003,503.20000000000005,Very high turbidity,4,/content/resized_folder/resized_DSC_8944.jpg
448,449,7.1,21.8,4.0,8.7,343,0.45000000000000007,431.8,Moderate turbidity,2,/content/resized_folder/resized_DSC_8915.jpg
449,450,7.33,23.2,4.6,9.8,367,0.7499999999999999,493.0,Very high turbidity,4,/content/resized_folder/resized_DSC_8942.jpg
450,451,7.07,20.8,3.8,7.7,332,0.3499999999999999,411.4,Moderate turbidity,2,/content/resized_folder/resized_DSC_8915.jpg
451,452,7.21,22.4,4.5,8.9,356,0.7000000000000001,482.8,High turbidity,3,/content/resized_folder/resized_DSC_8970.jpg
452,453,7.23,21.2,4.2,8.6,343,0.5500000000000002,452.20000000000005,High turbidity,3,/content/resized_folder/resized_DSC_8975.jpg
453,454,7.16,23.0,3.6,9.1,354,0.25000000000000006,391.0,Moderate turbidity,2,/content/resized_folder/resized_DSC_8900.jpg
454,455,7.28,20.9,4.5,9.5,362,0.7000000000000001,482.8,High turbidity,3,/content/resized_folder/resized_DSC_8972.jpg
455,456,7.09,22.5,3.9,9.4,363,0.4,421.6,Moderate turbidity,2,/content/resized_folder/resized_DSC_8912.jpg
456,457,7.22,23.3,4.3,8.5,350,0.6,462.4,High turbidity,3,/content/resized_folder/resized_DSC_8957.jpg
457,458,7.04,20.7,4.4,7.8,335,0.6500000000000002,472.6,High turbidity,3,/content/resized_folder/resized_DSC_8969.jpg
458,459,7.35,22.6,3.7,9.7,369,0.3000000000000001,401.20000000000005,Moderate turbidity,2,/content/resized_folder/resized_DSC_8898.jpg
459,460,7.08,21.3,4.6,8.2,340,0.7499999999999999,493.0,Very high turbidity,4,/content/resized_folder/resized_DSC_8982.jpg
460,461,7.26,23.1,3.9,9.2,360,0.4,421.6,Moderate turbidity,2,/content/resized_folder/resized_DSC_8899.jpg
461,462,7.03,22.0,4.2,7.6,330,0.5500000000000002,452.20000000000005,High turbidity,3,/content/resized_folder/resized_DSC_8974.jpg
462,463,7.15,23.2,3.6,8.9,353,0.25000000000000006,391.0,Moderate turbidity,2,/content/resized_folder/resized_DSC_8908.jpg
463,464,7.19,21.4,4.3,7.8,336,0.6,462.4,High turbidity,3,/content/resized_folder/resized_DSC_8974.jpg
464,465,7.11,22.7,4.5,8.3,347,0.7000000000000001,482.8,High turbidity,3,/content/resized_folder/resized_DSC_8965.jpg
465,466,7.01,20.8,4.6,7.1,327,0.7499999999999999,493.0,Very high turbidity,4,/content/resized_folder/resized_DSC_8955.jpg
466,467,7.31,22.5,3.8,9.4,361,0.3499999999999999,411.4,Moderate turbidity,2,/content/resized_folder/resized_DSC_8902.jpg
467,468,7.02,21.2,4.7,7.5,334,0.8000000000000003,503.20000000000005,Very high turbidity,4,/content/resized_folder/resized_DSC_8942.jpg
468,469,7.25,23.0,3.9,8.7,359,0.4,421.6,Moderate turbidity,2,/content/resized_folder/resized_DSC_8900.jpg
469,470,7.12,20.9,4.4,8.2,339,0.6500000000000002,472.6,High turbidity,3,/content/resized_folder/resized_DSC_8974.jpg
470,471,7.16,21.7,4.1,8.3,344,0.4999999999999999,442.0,High turbidity,3,/content/resized_folder/resized_DSC_8958.jpg
471,472,7.29,22.8,4.8,9.2,361,0.8500000000000001,513.4,Very high turbidity,4,/content/resized_folder/resized_DSC_8954.jpg
472,473,7.01,21.4,4.6,7.7,329,0.7499999999999999,493.0,Very high turbidity,4,/content/resized_folder/resized_DSC_8982.jpg
473,474,7.18,23.1,4.0,9.1,354,0.45000000000000007,431.8,Moderate turbidity,2,/content/resized_folder/resized_DSC_8905.jpg
474,475,7.14,20.7,4.4,7.9,336,0.6500000000000002,472.6,High turbidity,3,/content/resized_folder/resized_DSC_8974.jpg
475,476,7.25,22.3,3.8,8.4,344,0.3499999999999999,411.4,Moderate turbidity,2,/content/resized_folder/resized_DSC_8901.jpg
476,477,7.05,21.0,4.3,7.5,329,0.6,462.4,High turbidity,3,/content/resized_folder/resized_DSC_8971.jpg
477,478,7.2,22.9,4.7,8.1,347,0.8000000000000003,503.20000000000005,Very high turbidity,4,/content/resized_folder/resized_DSC_8973.jpg
478,479,7.1,21.8,4.0,8.7,343,0.45000000000000007,431.8,Moderate turbidity,2,/content/resized_folder/resized_DSC_8912.jpg
479,480,7.33,23.2,4.6,9.8,367,0.7499999999999999,493.0,Very high turbidity,4,/content/resized_folder/resized_DSC_8940.jpg
480,481,7.07,20.8,3.8,7.7,332,0.3499999999999999,411.4,Moderate turbidity,2,/content/resized_folder/resized_DSC_8907.jpg
481,482,7.21,22.4,4.5,8.9,356,0.7000000000000001,482.8,High turbidity,3,/content/resized_folder/resized_DSC_8971.jpg
482,483,7.23,21.2,4.2,8.6,343,0.5500000000000002,452.20000000000005,High turbidity,3,/content/resized_folder/resized_DSC_8972.jpg
483,484,7.16,23.0,3.6,9.1,354,0.25000000000000006,391.0,Moderate turbidity,2,/content/resized_folder/resized_DSC_8915.jpg
484,485,7.28,20.9,4.5,9.5,362,0.7000000000000001,482.8,High turbidity,3,/content/resized_folder/resized_DSC_8957.jpg
485,486,7.09,22.5,3.9,9.4,363,0.4,421.6,Moderate turbidity,2,/content/resized_folder/resized_DSC_8902.jpg
486,487,7.22,23.3,4.3,8.5,350,0.6,462.4,High turbidity,3,/content/resized_folder/resized_DSC_8968.jpg
487,488,7.04,20.7,4.4,7.8,335,0.6500000000000002,472.6,High turbidity,3,/content/resized_folder/resized_DSC_8957.jpg
488,489,7.35,22.6,3.7,9.7,369,0.3000000000000001,401.20000000000005,Moderate turbidity,2,/content/resized_folder/resized_DSC_8900.jpg
489,490,7.08,21.3,4.6,8.2,340,0.7499999999999999,493.0,Very high turbidity,4,/content/resized_folder/resized_DSC_8944.jpg
490,491,7.26,23.1,3.9,9.2,360,0.4,421.6,Moderate turbidity,2,/content/resized_folder/resized_DSC_8902.jpg
491,492,7.03,22.0,4.2,7.6,330,0.5500000000000002,452.20000000000005,High turbidity,3,/content/resized_folder/resized_DSC_8963.jpg
492,493,7.15,23.2,3.6,8.9,353,0.25000000000000006,391.0,Moderate turbidity,2,/content/resized_folder/resized_DSC_8902.jpg
493,494,7.19,21.4,4.3,7.8,336,0.6,462.4,High turbidity,3,/content/resized_folder/resized_DSC_8971.jpg
494,495,7.11,22.7,4.5,8.3,347,0.7000000000000001,482.8,High turbidity,3,/content/resized_folder/resized_DSC_8969.jpg
495,496,7.01,20.8,4.6,7.1,327,0.7499999999999999,493.0,Very high turbidity,4,/content/resized_folder/resized_DSC_8960.jpg
496,497,7.31,22.5,3.8,9.4,361,0.3499999999999999,411.4,Moderate turbidity,2,/content/resized_folder/resized_DSC_8905.jpg
497,498,7.02,21.2,4.7,7.5,334,0.8000000000000003,503.20000000000005,Very high turbidity,4,/content/resized_folder/resized_DSC_8946.jpg
498,499,7.25,23.0,3.9,8.7,359,0.4,421.6,Moderate turbidity,2,/content/resized_folder/resized_DSC_8905.jpg
499,500,7.12,20.9,4.4,8.2,339,0.6500000000000002,472.6,High turbidity,3,/content/resized_folder/resized_DSC_8965.jpg
